{
  "banking": [
    { "label": "Allied Bank Limited (ABL)", "symbol": "ABL" },
    { "label": "Askari Bank Ltd (AKBL)", "symbol": "AKBL" },
    { "label": "Bank Alfalah Limited (BAFL)", "symbol": "BAFL" },
    { "label": "Bank Al Habib Limited (BAHL)", "symbol": "BAHL" },
    { "label": "BankIslami Pakistan Ltd (BIPL)", "symbol": "BIPL" },
    { "label": "Bank of Punjab Limited (BOP)", "symbol": "BOP" },
    { "label": "Faysal Bank Limited (FABL)", "symbol": "FABL" },
    { "label": "Habib Bank Limited (HBL)", "symbol": "HBL" },
    { "label": "Habib Metropolitan Bank Limited (HMB)", "symbol": "HMB" },
    { "label": "MCB Bank Limited (MCB)", "symbol": "MCB" },
    { "label": "Meezan Bank Limited (MEBL)", "symbol": "MEBL" },
    { "label": "National Bank of Pakistan (NBP)", "symbol": "NBP" },
    {
      "label": "Standard Chartered Bank Pakistan Limited (SCBPL)",
      "symbol": "SCBPL"
    },
    { "label": "United Bank Limited (UBL)", "symbol": "UBL" }
  ],
  "pharmaceuticals": [
    { "label": "Abbott Laboratories Ltd (ABOT)", "symbol": "ABOT" },
    { "label": "AGP Limited (AGP)", "symbol": "AGP" },
    { "label": "GlaxoSmithKline Pakistan Limited (GLAXO)", "symbol": "GLAXO" },
    { "label": "The Searle Company Limited (SEARL)", "symbol": "SEARL" }
  ],
  "insurance": [
    { "label": "Adamjee Insurance Corporation Ltd (AICL)", "symbol": "AICL" },
    { "label": "EFU General Insurance Limited (EFUG)", "symbol": "EFUG" }
  ],
  "energy": [
    { "label": "Attock Petroleum Limited (APL)", "symbol": "APL" },
    { "label": "Attock Refinery Limited (ATRL)", "symbol": "ATRL" },
    { "label": "Cnergyico PK Limited (CNERGY)", "symbol": "CNERGY" },
    { "label": "Mari Petroleum Company Limited (MARI)", "symbol": "MARI" },
    { "label": "National Refinery Limited (NRL)", "symbol": "NRL" },
    {
      "label": "Oil & Gas Development Company Limited (OGDC)",
      "symbol": "OGDC"
    },
    { "label": "Pakistan Oilfields Limited (POL)", "symbol": "POL" },
    { "label": "Pakistan Petroleum Limited (PPL)", "symbol": "PPL" },
    { "label": "Pakistan State Oil Company Limited (PSO)", "symbol": "PSO" },
    { "label": "Shell Pakistan Limited (SHEL)", "symbol": "SHEL" },
    { "label": "Sui Northern Gas Pipelines Limited (SNGP)", "symbol": "SNGP" },
    { "label": "Saif Power Limited (SPWL)", "symbol": "SPWL" }
  ],
  "industrial_manufacturing": [
    { "label": "Shakarganj Limited (SML)", "symbol": "SML" },
    { "label": "Service Industries Limited (SRVI)", "symbol": "SRVI" },
    { "label": "Tariq Glass Industries Limited (TGL)", "symbol": "TGL" },
    { "label": "Thall Limited (THALL)", "symbol": "THALL" }
  ],
  "chemicals": [
    { "label": "Archroma Pakistan Limited (ARPL)", "symbol": "ARPL" },
    { "label": "Engro Polymer & Chemicals Limited (EPCL)", "symbol": "EPCL" },
    { "label": "Lucky Core Industries Limited (LCI)", "symbol": "LCI" },
    {
      "label": "Lotte Chemical Pakistan Limited (LOTCHEM)",
      "symbol": "LOTCHEM"
    }
  ],
  "textiles": [
    { "label": "Bannu Woollen Mills Limited (BNWM)", "symbol": "BNWM" },
    { "label": "Gadoon Textile Mills Limited (GADT)", "symbol": "GADT" },
    { "label": "Gul Ahmed Textile Mills Limited (GATM)", "symbol": "GATM" },
    { "label": "Ibrahim Fibres Limited (IBFL)", "symbol": "IBFL" },
    { "label": "Interloop Limited (ILP)", "symbol": "ILP" },
    { "label": "Nishat Chunian Limited (NCL)", "symbol": "NCL" },
    { "label": "Nishat Mills Limited (NML)", "symbol": "NML" },
    { "label": "Yousaf Weaving Mills Limited (YOUW)", "symbol": "YOUW" }
  ],
  "cement": [
    { "label": "Bestway Cement Limited (BWCL)", "symbol": "BWCL" },
    { "label": "Cherat Cement Company Limited (CHCC)", "symbol": "CHCC" },
    { "label": "D.G. Khan Cement Company Limited (DGKC)", "symbol": "DGKC" },
    { "label": "Fauji Cement Company Limited (FCCL)", "symbol": "FCCL" },
    { "label": "Lucky Cement Limited (LUCK)", "symbol": "LUCK" },
    { "label": "Maple Leaf Cement Factory Limited (MLCF)", "symbol": "MLCF" },
    { "label": "Pioneer Cement Limited (PIOC)", "symbol": "PIOC" }
  ],
  "consumer_goods": [
    { "label": "Colgate-Palmolive Pakistan Limited (COLG)", "symbol": "COLG" },
    {
      "label": "FrieslandCampina Engro Pakistan Limited (FCEPL)",
      "symbol": "FCEPL"
    },
    { "label": "National Foods Limited (NATF)", "symbol": "NATF" },
    { "label": "Nestlé Pakistan Limited (NESTLE)", "symbol": "NESTLE" },
    { "label": "Punjab Oil Mills Limited (POML)", "symbol": "POML" },
    {
      "label": "Rafhan Maize Products Company Limited (RMPL)",
      "symbol": "RMPL"
    },
    { "label": "Unity Foods Limited (UNITY)", "symbol": "UNITY" },
    { "label": "Unilever Pakistan Foods Limited (UPFL)", "symbol": "UPFL" }
  ],
  "fertilizer": [
    { "label": "Fauji Fertilizer Bin Qasim Limited (FFBL)", "symbol": "FFBL" },
    { "label": "Fauji Fertilizer Company Limited (FFC)", "symbol": "FFC" },
    {
      "label": "Fatima Fertilizer Company Limited (FATIMA)",
      "symbol": "FATIMA"
    },
    { "label": "Engro Fertilizers Limited (EFERT)", "symbol": "EFERT" }
  ],
  "diversified_enterprises": [
    { "label": "Dawood Hercules Corporation Limited (DAWH)", "symbol": "DAWH" },
    { "label": "Engro Corporation Limited (ENGRO)", "symbol": "ENGRO" }
  ],
  "real_estate": [
    { "label": "Dolmen City REIT (DCR)", "symbol": "DCR" },
    { "label": "Javedan Corporation Limited (JVDC)", "symbol": "JVDC" }
  ],
  "technology": [
    { "label": "Systems Limited (SYS)", "symbol": "SYS" },
    { "label": "The Resource Group Pakistan Limited (TRG)", "symbol": "TRG" },
    { "label": "Avanceon Limited (AVN)", "symbol": "AVN" }
  ],
  "paper_packaging": [
    { "label": "Century Paper & Board Mills Limited (CEPB)", "symbol": "CEPB" },
    { "label": "Packages Limited (PKGS)", "symbol": "PKGS" }
  ],
  "financial_services": [
    { "label": "First Habib Modaraba (FHAM)", "symbol": "FHAM" },
    { "label": "HBL Growth Fund (HGFA)", "symbol": "HGFA" },
    { "label": "Pak Gulf Leasing Company Limited (PGLC)", "symbol": "PGLC" },
    { "label": "Pakistan Stock Exchange (PSX)", "symbol": "PSX" }
  ],
  "glass": [{ "label": "Ghani Glass Limited (GHGL)", "symbol": "GHGL" }],
  "automobile": [
    { "label": "Hinopak Motors Limited (HINOON)", "symbol": "HINOON" },
    { "label": "Honda Atlas Cars Pakistan Limited (HCAR)", "symbol": "HCAR" },
    { "label": "Indus Motor Company Limited (INDU)", "symbol": "INDU" },
    { "label": "Millat Tractors Limited (MTL)", "symbol": "MTL" }
  ],
  "power": [
    { "label": "Hub Power Company Limited (HUBC)", "symbol": "HUBC" },
    { "label": "Kot Addu Power Company Limited (KAPCO)", "symbol": "KAPCO" },
    { "label": "K-Electric Limited (KEL)", "symbol": "KEL" },
    { "label": "Pakgen Power Limited (PKGP)", "symbol": "PKGP" }
  ],
  "steel": [
    { "label": "International Industries Limited (INIL)", "symbol": "INIL" },
    { "label": "International Steels Limited (ISL)", "symbol": "ISL" },
    {
      "label": "Mughal Iron & Steel Industries Limited (MUGHAL)",
      "symbol": "MUGHAL"
    }
  ],
  "electronics": [{ "label": "Pak Elektron Limited (PAEL)", "symbol": "PAEL" }],
  "hospitality": [
    { "label": "Pakistan Services Limited (PSEL)", "symbol": "PSEL" }
  ],
  "telecommunications": [
    {
      "label": "Pakistan Telecommunication Company Limited (PTC)",
      "symbol": "PTC"
    }
  ],
  "tobacco": [
    { "label": "Pakistan Tobacco Company Limited (PAKT)", "symbol": "PAKT" }
  ],
  "beverages": [
    { "label": "Murree Brewery Company Limited (MUREB)", "symbol": "MUREB" }
  ],
  "logistics": [
    {
      "label": "Pakistan International Bulk Terminal (PIBTL)",
      "symbol": "PIBTL"
    }
  ],
  "healthcare": [
    {
      "label": "Shifa International Hospitals Limited (SHFA)",
      "symbol": "SHFA"
    }
  ]
}
