{
  "banking": ["banks", "lenders"],
  "pharmaceuticals": ["pharma", "drug"],
  "insurance": ["insurers", "insurance"],
  "energy": ["oil", "gas", "energy"],
  "industrial_manufacturing": ["manufacturing", "industrial", "production"],
  "chemicals": ["chemical", "petrochemicals"],
  "textiles": ["apparel", "clothing", "textile"],
  "cement": ["construction", "cement"],
  "consumer_goods": ["retail", "products"],
  "fertilizer": ["agriculture", "fertilizer"],
  "diversified_enterprises": ["conglomerates", "companies"],
  "real_estate": ["property", "realty"],
  "technology": ["tech", "software"],
  "paper_packaging": ["packaging", "paper"],
  "financial_services": ["finance", "investment"],
  "glass": ["glass", "materials"],
  "automobile": ["automotive", "vehicles"],
  "power": ["utilities", "electricity"],
  "steel": ["steel", "metal"],
  "electronics": ["electronics", "equipment"],
  "hospitality": ["hotels", "tourism"],
  "telecommunications": ["telecom", "communication"],
  "tobacco": ["tobacco", "cigarette"],
  "beverages": ["beverage", "drinks"],
  "logistics": ["shipping", "logistics"],
  "healthcare": ["medical", "hospitals"]
}
